
- business_name: A-Cube S.r.l.
  ap: true
  smp: true
  registered_office: Viale Piave, 11 - 20129 Milano
  contact_point: A-Cube S.r.l.
  contact_info: peppol@a-cube.io
- business_name: Able Tech S.p.A.
  ap: true
  smp: false
  registered_office: Via Mantova, 2/G – 25017 Lonato del Garda (BS)
  contact_point: Able Tech S.p.A.
  contact_info: peppolap@abletech.it
- business_name: Aliquid S.r.l.
  ap: true
  smp: true
  registered_office: Viale Trento, 7/F - 22074 Lomazzo (CO)
  contact_point: Fabrizio Pastorello
  contact_info: fpastorello@aliquid.it
- business_name: Archiva S.r.l
  ap: true
  smp: true
  registered_office: Via Spagna, 24 - 37069 Villafranca di Verona
  contact_point: Alberto Gazzani
  contact_info: alberto.gazzani@archivagroup.it
- business_name: Archivium S.r.l
  ap: true
  smp: true
  registered_office: Corso Francia, 233/D - 10098 Rivoli (TO)
  contact_point: Giorgio Saglio
  contact_info: saglio@archivium.digital
- business_name: Aria S.p.A. - Azienda Regionale per l'Innovazione e gli Acquisti
  ap: true
  smp: false
  registered_office: Via Torquato Taramelli, 26 - 20124 Milano
  contact_point: Emanuela Manfredi
  contact_info: gestione-fatturazione@ariaspa.it
- business_name: Aruba PEC S.p.A.
  ap: true
  smp: true
  registered_office: Via San Clemente, 53 - 24036 Ponte San Petro (BG)
  contact_point: Aruba PEC S.p.A.
  contact_info: info-peppol@staff.aruba.it
- business_name: BLUENEXT S.r.l.
  ap: true
  smp: true
  registered_office: Viale 23 Settembre 1845, 95 - 47921 Rimini
  contact_point: Francesco Maccarrone
  contact_info: francesco.maccarrone@bluenext.it
- business_name: Consip S.p.A.
  ap: true
  smp: true
  registered_office: Via Isonzo 19/E - 00198 Rome
  contact_point: Caterina Marcantonio
  contact_info: segreteria.eproc@consip.it
- business_name: Credemtel S.p.a 
  ap: true
  smp: true
  registered_office: Via Togliatti 36/1 - 42020 Montecavolo di Quattro Castella (RE)
  contact_point: Lorenzo Villa
  contact_info: lorenzo.villa@credemtel.it
- business_name: CST S.r.l.
  ap: true
  smp: false
  registered_office: Via Ippolito Rosellini, 12 - 20124 Milano 
  contact_point: Segreteria CST
  contact_info: segreteria@csttech.it
- business_name: dEDIcated Italia S.r.l
  ap: true
  smp: false
  registered_office: Via della Crocerossa, 112 - 35129 Padova
  contact_point: Carlo Alberto Noventa
  contact_info: carlo.noventa@dedicated.world
- business_name: Digital Technologies Srl Società Benefit
  ap: true
  smp: true
  registered_office: Via Politi 10, Milano, Trezzano sul Naviglio, 20090
  contact_point: Emanuele Crespi
  contact_info: sistemisti@digtechs.com  
- business_name: DocFlow Italia S.p.A.
  ap: true
  smp: false
  registered_office: Strada 4 Palazzo Q8 Centro Direzionale Milanofiori - 20089 Rozzano (MI)
  contact_point: Ganmarco Mazzone
  contact_info: saas@docflow.it
- business_name: DocuMi S.r.l.
  ap: true
  smp: true
  registered_office: Via Emanule Filiberto, 4 - 20149 Milano
  contact_point: Francesco Foglio
  contact_info: francesco.foglio@documi.it
- business_name: Doxee S.p.A.
  ap: true
  smp: true
  registered_office: Viale Virgilio 48/b - 41123 Modena
  contact_point: Lorenzo Maselli
  contact_info: paperless@doxee.com
- business_name: EDICOM S.r.l.
  ap: true
  smp: false
  registered_office: Viale Francesco Restelli 3/1 - 20124 Milano
  contact_point: Luis Molina
  contact_info: lmolina@edicomgroup.com
- business_name: Enerj S.r.l.
  ap: true
  smp: true
  registered_office: Via Diaz, 4 - 37015 Sant'Ambrogio di Valpolicella (VR)
  contact_point: Enerj Srl
  contact_info: peppol@enerj.it
- business_name: Engineering Ingegneria Informatica SPA
  ap: true
  smp: true
  registered_office: Piazzale dell’Agricoltura, 24 - 00144 Roma
  contact_point: Cosimo Nigro
  contact_info: cosimo.nigro@eng.it
- business_name: Eos Reply srl con socio unico
  ap: true
  smp: false
  registered_office: Corso Francia, 110 - 10138 Torino
  contact_point: Andrea Bertolini
  contact_info: a.bertolini@reply.it
- business_name: Faber System S.r.l.
  ap: true
  smp: true
  registered_office: Via Ettore Bugatti, 15 - 20142 Milano 
  contact_point: Danilo Parotti
  contact_info: customer@fabersystem.it
- business_name: IFIN Sistemi S.r.l. a socio unico
  ap: true
  smp: true
  registered_office: Via G. Medici 9/a - 35138 Padova
  contact_point: Andrea Rossi
  contact_info: peppol@ifin.it
- business_name: IDC - Indicom Document Care S.p.A.
  ap: true
  smp: true
  registered_office: Via Antonio Carnevali, 39 - 20158 Milano
  contact_point: Antonio Gianluigi Porro
  contact_info: Peppol_Contact@indicom.eu
- business_name: IN.TE.SA S.p.A.
  ap: true
  smp: false
  registered_office: Strada Pianezza, 289 - 10151 Torino
  contact_point: Ugo Maurino
  contact_info: ugo.maurino@intesa.it
- business_name: Infocamere ScPA
  ap: true
  smp: true
  registered_office: Via G. B. Morgagni, 13 - 00161 Roma
  contact_point: Luigi Marangon
  contact_info: supporto.fatturazioneelettronica@infocamere.it
- business_name: Infocert S.p.A.
  ap: true
  smp: false
  registered_office: Piazza Sallustio, 9 - 00187 Roma
  contact_point: Matteo Magri
  contact_info: peppol@infocert.it
- business_name: Intercent-ER - Agenzia regionale per lo sviluppo dei mercati telematici
  ap: true
  smp: true
  registered_office: Via dei Mille, 21 - 40121 Bologna
  contact_point: Elisa Bertocchi
  contact_info: InformaticaAIER@regione.emilia-romagna.it
- business_name: Interzen Consulting S.r.l.
  ap: true
  smp: true
  registered_office: Strada Comunale Piana, 3 - 65129 Pescara (PE)
  contact_point: Alessandro Damiani
  contact_info: alessandro.damiani@interzen.it
- business_name: Master Soft S.r.l.
  ap: true
  smp: true
  registered_office: Piazzale Lombardia, 10 - 28100 Novara
  contact_point: Marco Tacchini
  contact_info: peppol@mastersoft.it
- business_name: Maxtrino S.P.A.
  ap: true
  smp: true
  registered_office: via Roma 149, 09124, Cagliari (CA)
  contact_point: Romano Fischetti
  contact_info: amministrazione@maxtrino.com
- business_name: Must Web S.r.l.
  ap: true
  smp: false
  registered_office: Corso Stati Uniti 23/I, 35127, Padova (PD)
  contact_point: Renato Chinello
  contact_info: r.chinello@goldtesoreria.it
- business_name: Namirial S.p.A.
  ap: true
  smp: false
  registered_office: Via Caduti sul Lavoro 4, 60019, Senigallia (AN) 
  contact_point: Namirial S.p.A.
  contact_info: cloud_it@namirial.com
- business_name: Nexi Payments S.p.A.
  ap: true
  smp: true
  registered_office: Corso Sempione 55 - 20149 Milano (MI)
  contact_point: Giuseppe Calegari
  contact_info: giuseppe.calegari@nexigroup.com
- business_name: Next S.r.l.
  ap: true
  smp: true
  registered_office: Via Yser, 21 - 00198 Roma (RM)
  contact_point: Emiliano Minella
  contact_info: emiliano.minella@gmail.com
- business_name: NET4MARKET - CSAMED S.r.l. 
  ap: true
  smp: false
  registered_office: Corso Giacomo Matteotti, 15 - Cremona
  contact_point: Daniele Pagliari
  contact_info: daniele.pagliari@net4market.com
- business_name: Open Source Italia S.r.l.
  ap: true
  smp: false
  registered_office: Via del Molinuzzo, 93 - 59100 Prato
  contact_point: Paolo Bresci
  contact_info: paolo.bresci@ositalia.com
- business_name: SANMARCO INFORMATICA SPA
  ap: true
  smp: true
  registered_office: Via Vittorio Veneto, 153 - 36040 Grisignano di Zocco (VI)
  contact_point: SANMARCO INFORMATICA S.p.A.
  contact_info: xcpeppol@sanmarcoinformatica.it
- business_name: Savino Solution S.p.A.
  ap: true
  smp: true
  registered_office: Piazza Flavio Gioia, 3 - 84122 Salerno
  contact_point: Nicola Savino
  contact_info: svilupposoftware@savinosolution.com
- business_name: SB Italia S.r.l.
  ap: true
  smp: true
  registered_office: Viale Forlanini, 36 - 20024 Garbagnate Milanese (MI)
  contact_point: Pablo Pellegrini
  contact_info: peppol@sbitalia.com
- business_name: Selecta Digital S.p.A. 
  ap: true
  smp: false
  registered_office: Viale della Resistenza, 47 - 42018, San Martino in Rio (RE)
  contact_point: Marco Vecchi 
  contact_info: marco.vecchi@selecta.it
- business_name: SIAV S.p.A.
  ap: true
  smp: true
  registered_office: Via Rossi, 5/N - 35030 Rubano (PD)
  contact_point: Roberto Pinelli
  contact_info: roberto.pinelli@siav.it
- business_name: Sicilia Digitale S.p.A.
  ap: true
  smp: true
  registered_office: Via Ammiraglio Thaon di Revel, 20 - 90142 Palermo
  contact_point: Matteo Lapunzina
  contact_info: protocollo@siciliaeservizi.it
- business_name: Sikelia Gestione Archivi s.r.l
  ap: true
  smp: false
  registered_office: Via XVI Strada G. Virlinzi, 70/74 - 95121 Catania
  contact_point: Francesco Paolo Mignosi
  contact_info:  ads@sikeliarchivi.it
- business_name: SOGEI - Società' Generale d'Informatica - S.p.A.
  ap: true
  smp: false
  registered_office: Via Mario Carucci, 99 - 00143 Roma
  contact_point: Giuseppe Cipollone
  contact_info: gcipollone@sogei.it 
- business_name: STDM S.r.l
  ap: true
  smp: true
  registered_office: Via U. Foscolo, 32/I - 37057 San Giovanni Lupatoto (VR)
  contact_point: Massimo Zanforlin
  contact_info: segreteria@stdm.net
- business_name: Tecmarket Servizi S.p.A.
  ap: true
  smp: false
  registered_office: Via Meucci, 5 - 37135 Verona
  contact_point: Marco Bonato
  contact_info: marco.bonato@bancobpm.it
- business_name: Tesi S.p.A.
  ap: true
  smp: true
  registered_office: Via Mendicità Istruita, 24 - 12042 Bra (CN)
  contact_point: Luca Delsanto
  contact_info: Luca.delsanto@tesisquare.com
- business_name: Top Consult S.r.l.
  ap: true
  smp: true
  registered_office: Via Valeggio, 22/E - 10128 Torino
  contact_point: Pier Luigi Zaffagnini
  contact_info: peppol@topconsult.it
- business_name: Zucchetti S.p.A.
  ap: true
  smp: true
  registered_office: Via Solferino, 1 - 26900 Lodi
  contact_point: Paolo Camia
  contact_info: Paolo.Camia@Zucchetti.it